filepath,xmin,xmax,ymin,ymax
./images\N1.xml,338,514,300,340
./images\N10.xml,231,436,446,501
./images\N100.xml,232,342,278,323
./images\N1000.xml,95,190,170,206
./images\N1001.xml,118,223,238,287
./images\N1002.xml,213,340,70,103
./images\N1003.xml,148,253,206,269
./images\N1004.xml,159,289,227,288
./images\N1005.xml,117,238,168,214
./images\N1006.xml,118,256,169,223
./images\N1007.xml,246,347,163,198
./images\N1008.xml,93,202,202,253
./images\N1009.xml,332,429,247,304
./images\N101.xml,249,372,260,311
./images\N1010.xml,42,174,313,378
./images\N1011.xml,69,286,227,309
./images\N1012.xml,280,408,150,198
./images\N1013.xml,49,357,156,232
./images\N1014.xml,124,231,180,225
./images\N1015.xml,16,142,270,350
./images\N1016.xml,192,325,261,341
./images\N1017.xml,78,277,172,244
./images\N1018.xml,75,306,211,290
./images\N1019.xml,9,154,111,168
./images\N102.xml,306,455,290,348
./images\N1020.xml,24,136,231,271
./images\N1021.xml,80,202,245,285
./images\N1022.xml,207,354,315,348
./images\N1023.xml,179,442,340,462
./images\N1024.xml,67,261,314,406
./images\N1025.xml,204,379,211,262
./images\N1026.xml,98,218,220,261
./images\N1027.xml,229,340,264,331
./images\N1028.xml,266,390,247,286
./images\N1029.xml,316,445,253,294
./images\N103.xml,321,492,195,257
./images\N1030.xml,382,518,149,196
./images\N1031.xml,209,329,290,347
./images\N1032.xml,160,346,300,397
./images\N1033.xml,328,502,149,212
./images\N1034.xml,76,209,193,233
./images\N1035.xml,288,445,245,286
./images\N1036.xml,186,348,164,204
./images\N1037.xml,349,497,248,298
./images\N1038.xml,171,336,174,237
./images\N1039.xml,215,399,207,263
./images\N104.xml,336,522,215,283
./images\N1040.xml,400,569,227,284
./images\N1041.xml,111,247,283,326
./images\N1042.xml,259,439,122,178
./images\N1043.xml,148,339,226,267
./images\N1044.xml,194,343,238,293
./images\N1045.xml,190,333,134,175
./images\N1046.xml,252,423,125,184
./images\N1047.xml,193,342,168,212
./images\N1048.xml,338,497,164,215
./images\N1049.xml,39,228,200,267
./images\N105.xml,385,580,224,295
./images\N1050.xml,224,327,218,250
./images\N1051.xml,252,460,260,325
./images\N1052.xml,319,413,166,205
./images\N1053.xml,381,505,130,168
./images\N1054.xml,244,397,139,194
./images\N1055.xml,105,222,90,126
./images\N1056.xml,275,448,215,266
./images\N1057.xml,178,302,126,172
./images\N1058.xml,198,355,162,225
./images\N1059.xml,256,398,164,222
./images\N106.xml,274,440,259,314
./images\N1060.xml,154,332,253,298
./images\N1061.xml,191,347,160,211
./images\N1062.xml,73,219,192,241
./images\N1063.xml,66,190,206,255
./images\N1064.xml,80,229,229,282
./images\N1065.xml,26,145,301,349
./images\N1066.xml,100,289,271,336
./images\N1067.xml,1,176,344,420
./images\N1068.xml,286,469,138,197
./images\N1069.xml,13,172,292,345
./images\N107.xml,287,383,276,310
./images\N1070.xml,20,228,274,344
./images\N1071.xml,94,310,323,406
./images\N1072.xml,42,162,241,282
./images\N1073.xml,46,229,291,361
./images\N1074.xml,1,122,227,279
./images\N1075.xml,116,241,196,240
./images\N1076.xml,16,194,276,320
./images\N1077.xml,133,281,213,269
./images\N1078.xml,74,240,240,293
./images\N1079.xml,285,329,227,311
./images\N108.xml,287,395,284,321
./images\N1080.xml,91,274,218,278
./images\N1081.xml,33,164,255,296
./images\N1082.xml,159,289,205,243
./images\N1083.xml,1,216,270,360
./images\N1084.xml,1,197,252,335
./images\N1085.xml,210,327,240,308
./images\N1086.xml,94,264,188,261
./images\N1087.xml,127,215,257,304
./images\N1088.xml,74,188,271,315
./images\N1089.xml,79,192,297,339
./images\N109.xml,270,383,295,332
./images\N1090.xml,85,189,203,244
./images\N1091.xml,259,428,253,320
./images\N1092.xml,89,202,248,287
./images\N1093.xml,1,159,258,322
./images\N1094.xml,37,238,292,354
./images\N1095.xml,95,347,231,339
./images\N1096.xml,140,618,250,417
./images\N1097.xml,81,205,272,336
./images\N1098.xml,206,608,221,359
./images\N1099.xml,159,363,295,349
./images\N11.xml,64,274,428,478
./images\N110.xml,288,399,283,329
./images\N1100.xml,83,283,219,275
./images\N111.xml,251,351,261,304
./images\N112.xml,194,330,310,356
./images\N113.xml,218,340,320,363
./images\N114.xml,116,225,154,190
./images\N115.xml,97,216,144,188
./images\N116.xml,108,238,175,217
./images\N117.xml,93,228,164,209
./images\N118.xml,265,421,178,250
./images\N119.xml,219,344,219,270
./images\N12.xml,282,411,165,199
./images\N120.xml,246,405,177,269
./images\N121.xml,166,387,208,324
./images\N122.xml,373,642,507,584
./images\N123.xml,302,558,648,740
./images\N124.xml,262,566,533,629
./images\N125.xml,781,1098,372,508
./images\N126.xml,337,577,460,520
./images\N127.xml,322,472,298,362
./images\N128.xml,278,390,226,262
./images\N129.xml,292,415,227,267
./images\N13.xml,253,430,427,500
./images\N130.xml,366,460,189,223
./images\N131.xml,339,439,180,218
./images\N132.xml,404,527,200,247
./images\N133.xml,361,470,189,224
./images\N134.xml,332,445,178,220
./images\N135.xml,249,340,195,235
./images\N136.xml,334,426,240,269
./images\N137.xml,408,508,227,266
./images\N138.xml,296,406,261,297
./images\N139.xml,272,402,126,184
./images\N14.xml,254,427,426,502
./images\N140.xml,346,485,141,194
./images\N141.xml,247,339,134,175
./images\N142.xml,381,501,160,209
./images\N143.xml,197,295,314,362
./images\N144.xml,282,403,207,262
./images\N145.xml,337,470,174,235
./images\N146.xml,245,433,167,235
./images\N147.xml,295,409,327,372
./images\N148.xml,358,572,180,267
./images\N149.xml,301,443,174,240
./images\N15.xml,268,406,187,231
./images\N150.xml,272,403,190,255
./images\N151.xml,437,553,252,284
./images\N152.xml,383,509,283,317
./images\N153.xml,368,510,260,308
./images\N154.xml,324,461,277,331
./images\N155.xml,436,546,226,268
./images\N156.xml,278,422,239,282
./images\N157.xml,403,523,221,271
./images\N158.xml,384,529,243,291
./images\N159.xml,459,617,192,242
./images\N16.xml,319,507,426,479
./images\N160.xml,307,485,209,263
./images\N161.xml,219,395,320,382
./images\N162.xml,222,339,247,282
./images\N163.xml,230,326,249,285
./images\N164.xml,439,560,281,325
./images\N165.xml,295,464,290,356
./images\N166.xml,385,527,297,345
./images\N167.xml,331,494,199,260
./images\N168.xml,346,451,300,353
./images\N169.xml,155,331,321,400
./images\N17.xml,124,198,43,64
./images\N170.xml,181,364,332,405
./images\N171.xml,330,437,241,282
./images\N172.xml,299,429,221,271
./images\N173.xml,464,590,234,273
./images\N174.xml,379,523,256,302
./images\N175.xml,424,548,228,276
./images\N176.xml,391,537,241,299
./images\N177.xml,479,592,212,258
./images\N178.xml,284,393,215,257
./images\N179.xml,267,408,241,301
./images\N18.xml,244,391,278,322
./images\N180.xml,391,511,260,313
./images\N181.xml,393,523,193,250
./images\N182.xml,250,367,232,285
./images\N183.xml,258,423,227,282
./images\N184.xml,218,364,181,245
./images\N185.xml,358,474,152,201
./images\N186.xml,220,353,186,243
./images\N187.xml,434,548,157,217
./images\N188.xml,371,511,165,233
./images\N189.xml,518,609,220,267
./images\N19.xml,537,642,483,520
./images\N190.xml,325,480,241,304
./images\N191.xml,386,517,221,276
./images\N192.xml,296,429,263,328
./images\N193.xml,333,468,210,267
./images\N194.xml,317,439,302,361
./images\N195.xml,256,391,213,284
./images\N196.xml,180,364,265,346
./images\N197.xml,396,506,170,220
./images\N198.xml,203,306,285,325
./images\N199.xml,247,368,281,331
./images\N2.xml,316,503,429,480
./images\N20.xml,334,517,295,341
./images\N200.xml,341,476,281,335
./images\N201.xml,217,312,218,256
./images\N202.xml,272,365,219,262
./images\N203.xml,263,367,337,368
./images\N204.xml,131,256,263,311
./images\N205.xml,161,301,274,321
./images\N206.xml,192,337,264,312
./images\N207.xml,278,386,204,241
./images\N208.xml,334,464,198,242
./images\N209.xml,151,260,285,340
./images\N21.xml,307,384,149,176
./images\N210.xml,181,316,294,362
./images\N211.xml,291,398,230,278
./images\N212.xml,86,200,279,317
./images\N213.xml,127,263,275,327
./images\N214.xml,226,369,292,345
./images\N215.xml,196,297,260,298
./images\N216.xml,202,306,276,311
./images\N217.xml,266,355,254,287
./images\N218.xml,328,446,251,297
./images\N219.xml,280,378,255,282
./images\N22.xml,219,366,295,336
./images\N220.xml,472,575,276,306
./images\N221.xml,465,578,290,323
./images\N222.xml,311,398,314,346
./images\N223.xml,325,447,210,269
./images\N224.xml,457,567,240,294
./images\N225.xml,85,285,304,411
./images\N226.xml,307,469,224,327
./images\N227.xml,431,572,253,308
./images\N228.xml,336,490,240,298
./images\N229.xml,332,467,222,283
./images\N23.xml,286,453,156,204
./images\N230.xml,344,509,177,259
./images\N231.xml,382,508,317,360
./images\N232.xml,373,509,303,343
./images\N233.xml,440,553,220,267
./images\N234.xml,373,481,348,411
./images\N235.xml,148,271,313,388
./images\N236.xml,144,268,314,384
./images\N237.xml,174,315,371,432
./images\N238.xml,180,292,230,271
./images\N239.xml,142,269,237,285
./images\N24.xml,747,949,494,558
./images\N240.xml,214,380,231,281
./images\N241.xml,113,241,286,337
./images\N242.xml,96,232,210,268
./images\N243.xml,208,383,225,300
./images\N244.xml,151,297,260,328
./images\N245.xml,265,445,304,382
./images\N246.xml,181,320,252,324
./images\N247.xml,54,184,250,308
./images\N248.xml,186,351,264,338
./images\N249.xml,308,417,235,278
./images\N25.xml,248,329,180,206
./images\N250.xml,100,225,267,317
./images\N251.xml,163,303,287,339
./images\N252.xml,57,187,180,223
./images\N253.xml,50,197,214,256
./images\N254.xml,163,329,273,323
./images\N255.xml,396,596,194,262
./images\N256.xml,230,352,255,305
./images\N257.xml,456,630,207,262
./images\N258.xml,129,264,276,329
./images\N259.xml,72,209,247,303
./images\N26.xml,250,432,428,505
./images\N260.xml,373,557,122,192
./images\N261.xml,231,358,265,322
./images\N262.xml,282,396,274,323
./images\N263.xml,329,459,268,323
./images\N264.xml,261,361,260,302
./images\N265.xml,268,375,250,298
./images\N266.xml,206,299,276,321
./images\N267.xml,257,374,300,354
./images\N268.xml,274,369,284,329
./images\N269.xml,293,405,265,325
./images\N27.xml,249,428,425,505
./images\N270.xml,209,323,208,267
./images\N271.xml,263,387,209,269
./images\N272.xml,150,247,252,297
./images\N273.xml,220,332,255,310
./images\N274.xml,258,347,190,229
./images\N275.xml,322,431,203,254
./images\N276.xml,449,613,141,195
./images\N277.xml,103,197,245,291
./images\N278.xml,197,307,249,297
./images\N279.xml,175,297,287,349
./images\N28.xml,206,403,294,355
./images\N280.xml,176,316,284,360
./images\N281.xml,180,291,269,327
./images\N282.xml,185,296,206,261
./images\N283.xml,321,494,222,300
./images\N284.xml,265,357,197,241
./images\N285.xml,372,513,252,320
./images\N286.xml,246,393,262,320
./images\N287.xml,60,262,192,270
./images\N288.xml,222,332,271,315
./images\N289.xml,291,389,222,254
./images\N29.xml,227,392,231,280
./images\N290.xml,321,422,226,266
./images\N291.xml,186,299,260,305
./images\N292.xml,339,489,226,281
./images\N293.xml,166,258,286,314
./images\N294.xml,175,281,291,331
./images\N295.xml,243,383,295,353
./images\N296.xml,154,248,209,250
./images\N297.xml,158,264,198,246
./images\N298.xml,292,526,292,383
./images\N299.xml,157,267,204,254
./images\N3.xml,299,501,380,435
./images\N30.xml,229,392,231,280
./images\N300.xml,181,325,184,252
./images\N301.xml,262,369,245,289
./images\N302.xml,51,142,228,260
./images\N303.xml,267,352,257,299
./images\N304.xml,70,161,278,309
./images\N305.xml,118,214,251,286
./images\N306.xml,407,574,285,404
./images\N307.xml,322,450,265,325
./images\N308.xml,247,417,233,306
./images\N309.xml,113,267,252,328
./images\N31.xml,337,395,226,247
./images\N310.xml,160,345,328,401
./images\N311.xml,89,184,224,271
./images\N312.xml,134,241,247,294
./images\N313.xml,220,343,244,306
./images\N314.xml,134,243,199,254
./images\N315.xml,244,374,222,288
./images\N316.xml,186,318,266,348
./images\N317.xml,115,231,207,259
./images\N318.xml,188,334,242,309
./images\N319.xml,138,273,218,283
./images\N32.xml,298,381,186,213
./images\N320.xml,227,383,231,302
./images\N321.xml,241,400,289,375
./images\N322.xml,1,146,266,309
./images\N323.xml,20,187,204,255
./images\N324.xml,75,215,325,389
./images\N325.xml,179,342,256,335
./images\N326.xml,122,249,237,290
./images\N327.xml,196,336,256,310
./images\N328.xml,124,243,245,287
./images\N329.xml,167,295,241,304
./images\N33.xml,187,297,223,251
./images\N330.xml,249,403,270,341
./images\N331.xml,197,321,256,307
./images\N332.xml,174,299,247,285
./images\N333.xml,161,277,126,165
./images\N334.xml,233,364,134,174
./images\N335.xml,119,254,229,295
./images\N336.xml,274,428,272,343
./images\N337.xml,192,316,219,267
./images\N338.xml,144,271,283,340
./images\N339.xml,180,320,260,326
./images\N34.xml,122,182,174,193
./images\N340.xml,265,418,291,356
./images\N341.xml,133,241,276,322
./images\N342.xml,214,327,242,293
./images\N343.xml,428,570,318,377
./images\N344.xml,47,174,146,194
./images\N345.xml,218,358,229,280
./images\N346.xml,76,177,210,246
./images\N347.xml,107,205,231,277
./images\N348.xml,2,156,101,183
./images\N349.xml,75,266,107,196
./images\N35.xml,371,429,239,265
./images\N350.xml,120,441,91,205
./images\N351.xml,115,253,146,216
./images\N352.xml,161,301,166,239
./images\N353.xml,29,174,207,255
./images\N354.xml,228,381,187,257
./images\N355.xml,184,293,155,196
./images\N356.xml,234,348,192,236
./images\N357.xml,195,302,248,295
./images\N358.xml,254,374,268,320
./images\N359.xml,241,395,157,217
./images\N36.xml,386,907,1101,1345
./images\N360.xml,118,254,283,341
./images\N361.xml,221,418,162,236
./images\N362.xml,118,249,294,348
./images\N363.xml,220,398,334,406
./images\N364.xml,36,194,188,237
./images\N365.xml,208,393,276,334
./images\N366.xml,191,319,138,189
./images\N367.xml,282,403,146,213
./images\N368.xml,242,328,248,283
./images\N369.xml,266,355,260,301
./images\N37.xml,382,901,1097,1355
./images\N370.xml,264,352,286,324
./images\N371.xml,236,341,266,304
./images\N372.xml,232,415,171,241
./images\N373.xml,95,181,185,213
./images\N374.xml,179,274,238,270
./images\N375.xml,269,370,204,241
./images\N376.xml,175,255,223,251
./images\N377.xml,181,264,209,242
./images\N378.xml,233,325,238,269
./images\N379.xml,337,417,303,335
./images\N38.xml,1020,1582,703,1080
./images\N380.xml,328,421,309,343
./images\N381.xml,67,218,118,178
./images\N382.xml,138,287,137,184
./images\N383.xml,139,349,105,169
./images\N384.xml,229,464,112,182
./images\N385.xml,278,416,190,235
./images\N386.xml,116,267,164,212
./images\N387.xml,198,377,154,209
./images\N388.xml,180,315,258,332
./images\N389.xml,58,158,270,312
./images\N39.xml,135,190,190,208
./images\N390.xml,166,273,245,295
./images\N391.xml,227,352,293,347
./images\N392.xml,19,121,276,324
./images\N393.xml,148,286,180,223
./images\N394.xml,104,205,237,284
./images\N395.xml,163,295,262,322
./images\N396.xml,87,194,262,308
./images\N397.xml,226,360,257,314
./images\N398.xml,354,531,284,357
./images\N399.xml,122,236,271,326
./images\N4.xml,289,449,159,202
./images\N40.xml,244,541,424,523
./images\N400.xml,187,324,280,342
./images\N401.xml,235,389,291,363
./images\N402.xml,19,160,316,370
./images\N403.xml,104,266,258,323
./images\N404.xml,226,404,295,371
./images\N405.xml,141,260,247,288
./images\N406.xml,158,267,184,226
./images\N407.xml,221,338,207,255
./images\N408.xml,97,241,156,202
./images\N409.xml,169,321,169,221
./images\N41.xml,2342,2553,1605,1760
./images\N410.xml,158,289,233,268
./images\N411.xml,121,203,136,165
./images\N412.xml,112,205,183,226
./images\N413.xml,143,267,218,272
./images\N414.xml,344,512,224,300
./images\N415.xml,145,238,233,271
./images\N416.xml,245,360,248,292
./images\N417.xml,92,192,200,244
./images\N418.xml,157,272,230,275
./images\N419.xml,15,205,258,318
./images\N42.xml,471,602,529,573
./images\N420.xml,57,260,272,339
./images\N421.xml,224,363,244,290
./images\N422.xml,5,121,200,247
./images\N423.xml,34,176,242,292
./images\N424.xml,5,91,123,168
./images\N425.xml,12,101,223,257
./images\N426.xml,43,178,195,233
./images\N427.xml,145,240,74,119
./images\N428.xml,342,446,216,253
./images\N429.xml,392,509,169,209
./images\N43.xml,39,100,202,239
./images\N430.xml,372,498,163,206
./images\N431.xml,389,501,210,244
./images\N432.xml,401,522,221,260
./images\N433.xml,278,435,224,273
./images\N434.xml,420,505,198,232
./images\N435.xml,354,456,212,250
./images\N436.xml,481,582,286,326
./images\N437.xml,306,412,233,276
./images\N438.xml,435,524,214,258
./images\N439.xml,368,477,213,262
./images\N44.xml,52,116,172,203
./images\N440.xml,269,403,237,290
./images\N441.xml,403,486,234,277
./images\N442.xml,302,408,224,279
./images\N443.xml,409,516,251,292
./images\N444.xml,373,486,236,280
./images\N445.xml,324,472,257,314
./images\N446.xml,424,579,271,335
./images\N447.xml,369,513,248,308
./images\N448.xml,201,340,271,334
./images\N449.xml,47,232,313,397
./images\N45.xml,65,118,171,192
./images\N450.xml,417,528,280,329
./images\N451.xml,390,501,275,332
./images\N452.xml,531,774,890,969
./images\N453.xml,806,1028,776,866
./images\N454.xml,329,780,331,463
./images\N455.xml,176,288,178,208
./images\N456.xml,276,360,258,297
./images\N457.xml,139,235,153,176
./images\N458.xml,277,361,257,299
./images\N459.xml,243,288,195,212
./images\N46.xml,48,106,140,173
./images\N460.xml,141,232,152,176
./images\N461.xml,278,360,256,299
./images\N462.xml,264,359,222,256
./images\N463.xml,100,202,122,154
./images\N464.xml,295,478,472,529
./images\N465.xml,74,192,243,297
./images\N466.xml,119,174,133,150
./images\N467.xml,3226,3852,1874,2258
./images\N468.xml,2258,3152,1590,1903
./images\N47.xml,53,118,122,147
./images\N470.xml,498,592,213,257
./images\N471.xml,499,587,208,260
./images\N472.xml,499,585,212,260
./images\N473.xml,497,593,212,263
./images\N474.xml,499,592,210,258
./images\N475.xml,500,590,213,260
./images\N476.xml,493,586,212,257
./images\N477.xml,433,577,402,495
./images\N478.xml,420,586,403,491
./images\N479.xml,215,255,187,207
./images\N48.xml,67,121,127,147
./images\N480.xml,915,1169,674,794
./images\N481.xml,343,416,270,309
./images\N482.xml,343,418,268,307
./images\N483.xml,683,1021,712,810
./images\N484.xml,69,842,2241,2664
./images\N485.xml,387,444,278,300
./images\N486.xml,297,357,386,416
./images\N487.xml,237,379,136,197
./images\N488.xml,122,294,163,226
./images\N489.xml,412,523,50,98
./images\N49.xml,20,69,139,170
./images\N490.xml,543,645,103,144
./images\N491.xml,230,376,143,199
./images\N492.xml,253,428,512,567
./images\N493.xml,457,698,144,190
./images\N494.xml,178,331,114,138
./images\N495.xml,445,588,201,232
./images\N496.xml,142,302,397,448
./images\N497.xml,210,366,444,498
./images\N498.xml,205,371,439,504
./images\N499.xml,477,704,68,135
./images\N5.xml,500,724,471,532
./images\N50.xml,420,567,333,377
./images\N500.xml,504,655,118,159
./images\N501.xml,362,550,233,279
./images\N502.xml,506,671,77,118
./images\N503.xml,508,686,240,288
./images\N504.xml,840,1096,523,610
./images\N505.xml,304,458,322,366
./images\N506.xml,342,460,305,337
./images\N507.xml,974,1492,914,1078
./images\N508.xml,201,275,217,243
./images\N509.xml,172,256,223,253
./images\N51.xml,215,329,199,233
./images\N510.xml,182,263,199,227
./images\N511.xml,136,233,240,270
./images\N512.xml,306,404,215,249
./images\N513.xml,192,282,205,249
./images\N514.xml,385,468,270,310
./images\N515.xml,320,443,226,273
./images\N516.xml,121,242,113,156
./images\N517.xml,142,243,187,228
./images\N518.xml,139,225,207,244
./images\N519.xml,173,291,248,289
./images\N52.xml,247,360,157,197
./images\N520.xml,354,460,284,318
./images\N521.xml,216,313,196,239
./images\N522.xml,283,393,190,236
./images\N523.xml,175,332,130,180
./images\N524.xml,301,385,268,298
./images\N525.xml,266,345,226,264
./images\N526.xml,262,365,188,225
./images\N527.xml,274,405,181,228
./images\N528.xml,199,281,206,241
./images\N529.xml,81,261,274,350
./images\N53.xml,208,309,213,253
./images\N530.xml,303,404,217,259
./images\N531.xml,74,255,298,369
./images\N532.xml,220,432,382,440
./images\N533.xml,280,472,272,329
./images\N534.xml,314,510,286,357
./images\N535.xml,352,460,226,275
./images\N536.xml,541,631,223,273
./images\N537.xml,213,380,281,356
./images\N538.xml,133,309,235,320
./images\N539.xml,223,358,137,184
./images\N54.xml,332,476,264,312
./images\N540.xml,225,326,226,267
./images\N541.xml,149,240,184,213
./images\N542.xml,226,351,180,213
./images\N543.xml,165,271,139,172
./images\N544.xml,255,344,118,151
./images\N545.xml,189,284,167,194
./images\N546.xml,194,310,155,190
./images\N547.xml,289,424,127,170
./images\N548.xml,172,277,166,193
./images\N549.xml,81,191,240,268
./images\N55.xml,75,178,255,304
./images\N550.xml,154,281,127,166
./images\N551.xml,48,154,126,157
./images\N552.xml,188,325,198,244
./images\N553.xml,116,230,153,184
./images\N554.xml,256,399,84,132
./images\N555.xml,356,434,176,208
./images\N556.xml,309,404,169,207
./images\N557.xml,371,499,221,273
./images\N558.xml,286,368,268,307
./images\N559.xml,326,422,190,223
./images\N56.xml,103,216,244,291
./images\N560.xml,269,351,226,265
./images\N561.xml,404,549,203,285
./images\N562.xml,264,359,185,234
./images\N563.xml,265,382,283,334
./images\N564.xml,158,305,127,174
./images\N565.xml,179,302,236,294
./images\N566.xml,329,431,211,263
./images\N567.xml,242,345,235,281
./images\N568.xml,188,298,260,293
./images\N569.xml,288,368,274,311
./images\N57.xml,145,233,261,305
./images\N570.xml,297,431,226,269
./images\N571.xml,269,426,196,246
./images\N572.xml,217,336,271,329
./images\N573.xml,240,377,220,274
./images\N574.xml,436,569,286,338
./images\N575.xml,165,317,153,213
./images\N576.xml,267,396,370,451
./images\N577.xml,160,292,222,287
./images\N578.xml,307,457,252,325
./images\N579.xml,196,287,276,318
./images\N58.xml,387,515,260,318
./images\N580.xml,236,351,232,271
./images\N581.xml,249,374,226,272
./images\N582.xml,231,350,200,234
./images\N583.xml,259,400,178,220
./images\N584.xml,141,260,195,233
./images\N585.xml,356,522,190,244
./images\N586.xml,280,405,265,310
./images\N587.xml,207,314,216,256
./images\N588.xml,194,286,247,279
./images\N589.xml,162,271,193,246
./images\N59.xml,258,378,230,287
./images\N590.xml,207,325,207,265
./images\N591.xml,287,369,208,236
./images\N592.xml,318,417,208,247
./images\N593.xml,137,311,186,248
./images\N594.xml,187,293,202,248
./images\N595.xml,249,363,256,300
./images\N596.xml,229,357,235,281
./images\N597.xml,364,538,169,224
./images\N598.xml,383,573,135,230
./images\N599.xml,275,458,212,286
./images\N6.xml,537,636,489,513
./images\N60.xml,104,191,247,292
./images\N600.xml,259,441,216,293
./images\N601.xml,463,636,428,480
./images\N602.xml,138,340,297,380
./images\N603.xml,127,227,270,309
./images\N604.xml,206,312,208,250
./images\N605.xml,264,364,272,302
./images\N606.xml,222,340,234,281
./images\N607.xml,240,373,224,270
./images\N608.xml,216,408,184,245
./images\N609.xml,92,235,254,329
./images\N61.xml,199,323,243,303
./images\N610.xml,26,186,130,217
./images\N611.xml,135,302,166,239
./images\N612.xml,117,257,193,252
./images\N613.xml,336,557,193,297
./images\N614.xml,301,458,195,255
./images\N615.xml,289,441,211,265
./images\N616.xml,456,640,156,228
./images\N617.xml,348,553,213,269
./images\N618.xml,179,306,123,183
./images\N619.xml,212,364,98,168
./images\N62.xml,291,448,284,347
./images\N620.xml,218,397,78,152
./images\N621.xml,217,414,84,150
./images\N622.xml,178,269,261,295
./images\N623.xml,126,228,263,292
./images\N624.xml,144,271,315,347
./images\N625.xml,97,270,315,360
./images\N626.xml,227,362,261,307
./images\N627.xml,126,288,265,315
./images\N628.xml,289,394,234,271
./images\N629.xml,274,434,291,357
./images\N63.xml,323,481,281,351
./images\N630.xml,161,365,306,386
./images\N631.xml,269,376,255,298
./images\N632.xml,328,555,201,275
./images\N633.xml,227,351,220,258
./images\N634.xml,260,398,242,285
./images\N635.xml,158,271,291,324
./images\N636.xml,225,365,80,135
./images\N637.xml,204,349,258,308
./images\N638.xml,255,420,259,309
./images\N639.xml,501,640,205,265
./images\N64.xml,191,314,277,332
./images\N640.xml,274,467,578,644
./images\N641.xml,260,461,580,645
./images\N642.xml,644,773,402,449
./images\N643.xml,472,667,705,777
./images\N644.xml,764,949,774,837
./images\N645.xml,538,717,682,750
./images\N646.xml,461,666,710,787
./images\N647.xml,453,649,707,789
./images\N648.xml,806,1027,817,894
./images\N649.xml,694,851,574,637
./images\N65.xml,229,319,236,280
./images\N650.xml,109,190,431,459
./images\N651.xml,164,267,434,472
./images\N652.xml,1057,1474,920,1103
./images\N653.xml,231,330,131,157
./images\N654.xml,183,688,197,647
./images\N655.xml,157,683,154,650
./images\N656.xml,175,281,139,172
./images\N657.xml,448,598,290,350
./images\N658.xml,176,282,140,170
./images\N659.xml,409,553,389,437
./images\N66.xml,307,412,262,310
./images\N660.xml,65,888,14,217
./images\N661.xml,92,150,221,245
./images\N662.xml,270,313,200,224
./images\N663.xml,238,643,378,504
./images\N664.xml,205,298,298,340
./images\N665.xml,272,462,163,225
./images\N666.xml,274,399,278,321
./images\N667.xml,306,470,471,523
./images\N668.xml,487,639,305,354
./images\N669.xml,619,781,433,489
./images\N67.xml,373,492,241,292
./images\N670.xml,143,271,372,408
./images\N671.xml,112,279,262,302
./images\N672.xml,391,612,266,331
./images\N673.xml,338,497,371,425
./images\N674.xml,249,395,277,316
./images\N675.xml,80,132,157,171
./images\N676.xml,284,391,394,429
./images\N677.xml,471,735,481,528
./images\N678.xml,629,997,824,921
./images\N679.xml,251,376,139,176
./images\N68.xml,112,228,288,336
./images\N680.xml,165,256,134,169
./images\N681.xml,496,598,153,184
./images\N682.xml,315,487,299,354
./images\N683.xml,253,369,261,299
./images\N684.xml,97,123,286,295
./images\N685.xml,1005,1424,591,734
./images\N686.xml,664,727,57,80
./images\N687.xml,315,488,296,354
./images\N688.xml,222,342,154,202
./images\N689.xml,365,456,235,280
./images\N69.xml,137,259,288,342
./images\N690.xml,301,454,189,241
./images\N691.xml,185,294,238,282
./images\N692.xml,258,364,212,254
./images\N693.xml,1,185,93,182
./images\N694.xml,313,460,141,192
./images\N695.xml,20,158,193,234
./images\N696.xml,267,316,201,226
./images\N697.xml,102,148,201,223
./images\N698.xml,6,124,291,365
./images\N699.xml,258,366,214,255
./images\N7.xml,187,379,198,259
./images\N70.xml,208,351,296,354
./images\N700.xml,252,367,212,256
./images\N701.xml,261,367,216,252
./images\N702.xml,517,551,128,147
./images\N703.xml,19,160,187,235
./images\N704.xml,512,558,312,336
./images\N705.xml,356,528,67,117
./images\N706.xml,273,325,309,330
./images\N707.xml,365,528,68,115
./images\N708.xml,199,398,297,368
./images\N709.xml,136,247,234,275
./images\N71.xml,149,254,232,274
./images\N710.xml,143,245,230,277
./images\N711.xml,140,241,234,275
./images\N712.xml,232,474,318,400
./images\N713.xml,234,482,320,400
./images\N714.xml,236,477,322,399
./images\N715.xml,168,437,234,321
./images\N716.xml,193,392,298,372
./images\N717.xml,166,270,229,269
./images\N718.xml,196,396,296,367
./images\N719.xml,168,428,236,314
./images\N72.xml,218,338,240,292
./images\N720.xml,228,485,323,402
./images\N721.xml,237,346,272,308
./images\N722.xml,261,352,269,298
./images\N723.xml,124,257,163,205
./images\N724.xml,446,556,375,411
./images\N725.xml,203,395,448,510
./images\N726.xml,134,331,553,620
./images\N727.xml,609,699,550,582
./images\N728.xml,374,780,463,616
./images\N729.xml,66,267,258,329
./images\N73.xml,272,413,265,323
./images\N730.xml,1,249,170,277
./images\N731.xml,218,343,227,275
./images\N732.xml,192,336,287,344
./images\N733.xml,194,338,289,348
./images\N734.xml,234,415,180,233
./images\N735.xml,157,361,277,366
./images\N736.xml,226,386,193,243
./images\N737.xml,131,190,162,179
./images\N738.xml,1,82,221,247
./images\N739.xml,16,78,198,223
./images\N74.xml,165,295,260,311
./images\N740.xml,74,256,256,349
./images\N741.xml,189,454,341,452
./images\N742.xml,135,202,148,169
./images\N743.xml,121,177,100,115
./images\N744.xml,122,170,238,254
./images\N745.xml,258,516,282,444
./images\N746.xml,105,278,246,340
./images\N747.xml,175,356,218,322
./images\N748.xml,241,435,224,331
./images\N749.xml,224,358,223,278
./images\N75.xml,228,374,270,335
./images\N750.xml,211,302,202,242
./images\N751.xml,79,207,280,362
./images\N752.xml,224,371,263,380
./images\N753.xml,225,367,262,374
./images\N754.xml,477,547,209,253
./images\N755.xml,402,581,325,382
./images\N756.xml,59,140,111,140
./images\N757.xml,195,256,160,195
./images\N758.xml,10,73,95,124
./images\N759.xml,60,100,225,240
./images\N76.xml,295,466,290,357
./images\N760.xml,210,247,191,207
./images\N761.xml,132,396,1165,1312
./images\N762.xml,47,137,184,233
./images\N763.xml,111,213,220,256
./images\N764.xml,92,168,96,128
./images\N765.xml,615,888,743,845
./images\N766.xml,491,734,600,693
./images\N767.xml,809,1009,827,894
./images\N768.xml,738,897,338,392
./images\N769.xml,274,395,433,474
./images\N77.xml,85,195,272,320
./images\N770.xml,274,459,319,375
./images\N771.xml,128,191,164,180
./images\N772.xml,372,464,191,224
./images\N773.xml,879,995,592,625
./images\N774.xml,149,438,265,479
./images\N775.xml,467,548,482,611
./images\N776.xml,380,687,121,371
./images\N777.xml,328,738,577,735
./images\N778.xml,389,698,124,366
./images\N779.xml,1028,1264,704,782
./images\N78.xml,303,449,275,336
./images\N780.xml,370,471,194,228
./images\N781.xml,417,634,364,439
./images\N782.xml,1684,1854,678,752
./images\N783.xml,1032,1257,709,775
./images\N784.xml,543,691,530,581
./images\N785.xml,272,381,230,267
./images\N786.xml,397,626,488,565
./images\N787.xml,135,365,146,207
./images\N788.xml,264,427,269,327
./images\N789.xml,224,346,298,333
./images\N79.xml,81,202,242,299
./images\N790.xml,543,743,498,584
./images\N791.xml,585,669,465,493
./images\N792.xml,89,161,106,126
./images\N793.xml,166,661,1636,1815
./images\N794.xml,926,1316,922,1102
./images\N795.xml,2629,3072,1367,1759
./images\N796.xml,2644,3072,1449,1752
./images\N797.xml,2649,3072,1402,1767
./images\N798.xml,2611,3072,1399,1764
./images\N799.xml,448,852,474,600
./images\N8.xml,182,384,194,268
./images\N80.xml,173,309,265,325
./images\N800.xml,797,1059,546,644
./images\N801.xml,535,729,356,421
./images\N802.xml,541,712,363,412
./images\N803.xml,542,710,356,421
./images\N804.xml,158,296,199,229
./images\N805.xml,73,144,433,462
./images\N806.xml,151,270,181,218
./images\N807.xml,662,864,419,489
./images\N808.xml,664,864,424,489
./images\N809.xml,213,385,579,629
./images\N81.xml,145,274,255,309
./images\N810.xml,257,574,376,466
./images\N811.xml,160,371,548,609
./images\N812.xml,224,319,604,639
./images\N813.xml,494,639,1110,1168
./images\N814.xml,151,214,369,400
./images\N815.xml,917,1088,611,665
./images\N816.xml,287,539,331,405
./images\N817.xml,589,668,462,489
./images\N818.xml,338,499,305,359
./images\N819.xml,211,445,198,266
./images\N82.xml,199,365,278,348
./images\N820.xml,680,887,554,629
./images\N821.xml,335,457,984,1029
./images\N822.xml,50,139,132,169
./images\N823.xml,588,668,461,492
./images\N824.xml,1231,1344,1045,1089
./images\N825.xml,626,707,761,789
./images\N826.xml,110,173,169,193
./images\N827.xml,425,517,464,491
./images\N828.xml,739,933,901,973
./images\N829.xml,689,864,510,579
./images\N83.xml,190,462,278,418
./images\N830.xml,555,817,547,633
./images\N831.xml,216,511,516,605
./images\N832.xml,478,613,731,800
./images\N833.xml,369,439,592,634
./images\N834.xml,180,336,160,219
./images\N835.xml,185,341,160,222
./images\N836.xml,178,344,153,225
./images\N837.xml,181,338,161,224
./images\N838.xml,189,343,289,349
./images\N839.xml,171,390,116,174
./images\N84.xml,96,228,184,232
./images\N840.xml,228,415,182,241
./images\N841.xml,309,518,189,259
./images\N842.xml,229,387,193,245
./images\N843.xml,170,318,236,279
./images\N844.xml,223,318,228,256
./images\N845.xml,85,308,186,268
./images\N846.xml,3,84,220,250
./images\N847.xml,233,340,209,242
./images\N848.xml,85,283,316,376
./images\N849.xml,191,232,216,246
./images\N85.xml,137,270,160,211
./images\N850.xml,72,252,257,349
./images\N851.xml,184,446,335,448
./images\N852.xml,256,429,221,330
./images\N853.xml,116,274,249,339
./images\N854.xml,180,355,243,354
./images\N855.xml,262,515,280,443
./images\N856.xml,82,259,308,432
./images\N857.xml,173,352,223,321
./images\N858.xml,291,480,167,237
./images\N859.xml,163,358,274,363
./images\N86.xml,257,397,192,240
./images\N860.xml,22,261,210,284
./images\N861.xml,135,422,266,478
./images\N862.xml,279,393,224,270
./images\N863.xml,78,224,278,368
./images\N864.xml,271,413,256,344
./images\N865.xml,119,311,264,363
./images\N866.xml,223,362,225,280
./images\N867.xml,207,355,174,250
./images\N868.xml,233,424,322,457
./images\N869.xml,84,258,182,257
./images\N87.xml,220,318,244,287
./images\N870.xml,294,451,262,371
./images\N871.xml,160,359,281,392
./images\N872.xml,223,364,271,372
./images\N873.xml,478,543,213,251
./images\N874.xml,330,505,253,347
./images\N875.xml,209,298,208,246
./images\N876.xml,316,539,258,371
./images\N877.xml,399,576,325,386
./images\N878.xml,183,300,263,303
./images\N879.xml,424,639,368,438
./images\N88.xml,252,362,255,303
./images\N880.xml,94,266,74,152
./images\N881.xml,79,258,76,151
./images\N882.xml,92,253,72,147
./images\N883.xml,526,625,170,244
./images\N884.xml,385,601,148,217
./images\N885.xml,99,259,242,292
./images\N886.xml,87,233,170,225
./images\N887.xml,155,288,125,172
./images\N888.xml,147,346,141,210
./images\N889.xml,125,220,131,184
./images\N89.xml,318,449,267,322
./images\N890.xml,53,246,122,192
./images\N891.xml,100,240,183,259
./images\N892.xml,40,201,172,224
./images\N893.xml,76,195,151,192
./images\N894.xml,125,287,192,277
./images\N895.xml,97,196,174,217
./images\N896.xml,412,527,87,141
./images\N897.xml,532,635,93,133
./images\N898.xml,121,279,169,223
./images\N899.xml,79,261,129,205
./images\N9.xml,183,379,196,266
./images\N90.xml,163,285,290,344
./images\N900.xml,184,312,81,147
./images\N901.xml,24,239,204,273
./images\N902.xml,386,640,135,257
./images\N903.xml,64,223,222,307
./images\N904.xml,119,254,154,214
./images\N905.xml,168,289,138,189
./images\N906.xml,109,243,186,237
./images\N907.xml,412,640,256,349
./images\N908.xml,149,336,176,223
./images\N909.xml,284,377,153,187
./images\N91.xml,195,329,287,340
./images\N910.xml,346,535,269,323
./images\N911.xml,73,207,176,234
./images\N912.xml,141,299,222,283
./images\N913.xml,1,292,224,325
./images\N914.xml,116,299,126,208
./images\N915.xml,127,222,208,254
./images\N916.xml,98,255,190,264
./images\N917.xml,75,232,253,308
./images\N918.xml,145,268,172,233
./images\N919.xml,312,453,145,186
./images\N92.xml,329,493,256,323
./images\N920.xml,208,407,224,304
./images\N921.xml,294,427,234,288
./images\N922.xml,345,477,322,386
./images\N923.xml,154,305,301,356
./images\N924.xml,192,261,109,142
./images\N925.xml,2,164,244,312
./images\N926.xml,1,265,108,214
./images\N927.xml,101,354,128,195
./images\N928.xml,108,281,92,208
./images\N929.xml,40,238,104,217
./images\N93.xml,260,401,276,331
./images\N930.xml,417,627,153,310
./images\N931.xml,433,546,216,257
./images\N932.xml,369,519,369,452
./images\N933.xml,126,335,315,394
./images\N934.xml,128,242,268,307
./images\N935.xml,176,288,283,332
./images\N936.xml,177,278,244,283
./images\N937.xml,81,193,270,307
./images\N938.xml,63,169,276,316
./images\N939.xml,293,469,212,346
./images\N94.xml,179,319,129,180
./images\N940.xml,246,391,189,237
./images\N941.xml,130,273,153,244
./images\N942.xml,199,637,132,279
./images\N943.xml,1,231,1,81
./images\N944.xml,269,474,80,221
./images\N945.xml,158,262,188,222
./images\N946.xml,125,283,195,249
./images\N947.xml,416,523,284,332
./images\N948.xml,315,469,197,249
./images\N949.xml,172,337,210,262
./images\N95.xml,140,266,257,305
./images\N950.xml,411,549,113,162
./images\N951.xml,342,514,176,221
./images\N952.xml,242,424,192,255
./images\N953.xml,337,500,204,260
./images\N954.xml,26,149,174,213
./images\N955.xml,225,344,172,212
./images\N956.xml,128,236,196,231
./images\N957.xml,195,321,205,250
./images\N958.xml,479,617,173,218
./images\N959.xml,257,394,176,231
./images\N96.xml,132,241,251,303
./images\N960.xml,135,261,221,272
./images\N961.xml,129,278,216,256
./images\N962.xml,197,296,155,197
./images\N963.xml,134,272,166,211
./images\N964.xml,302,475,156,213
./images\N965.xml,339,540,142,202
./images\N966.xml,147,318,149,207
./images\N967.xml,140,316,194,251
./images\N968.xml,4,195,126,186
./images\N969.xml,117,297,192,263
./images\N97.xml,180,298,241,295
./images\N970.xml,80,191,269,303
./images\N971.xml,254,385,185,234
./images\N972.xml,168,317,234,277
./images\N973.xml,284,402,164,201
./images\N974.xml,126,285,172,231
./images\N975.xml,1,295,1,90
./images\N976.xml,111,251,146,201
./images\N977.xml,1,99,137,176
./images\N978.xml,305,459,251,387
./images\N979.xml,147,391,242,307
./images\N98.xml,204,342,253,304
./images\N980.xml,55,257,168,228
./images\N981.xml,206,444,249,327
./images\N982.xml,92,332,125,207
./images\N983.xml,256,443,188,241
./images\N984.xml,268,423,245,319
./images\N985.xml,208,414,257,360
./images\N986.xml,24,152,228,289
./images\N987.xml,221,335,169,229
./images\N988.xml,21,126,237,288
./images\N989.xml,77,194,105,153
./images\N99.xml,75,180,262,303
./images\N990.xml,16,179,224,287
./images\N991.xml,222,353,211,256
./images\N992.xml,169,298,173,235
./images\N993.xml,293,415,210,299
./images\N994.xml,127,224,239,291
./images\N995.xml,94,193,207,267
./images\N996.xml,128,242,154,197
./images\N997.xml,65,178,124,160
./images\N998.xml,259,355,165,224
./images\N999.xml,115,318,204,282
